ID,username,role,northwindEmployeeId
10000000-0000-0000-0000-000000000001,user,SalesUser,1
10000000-0000-0000-0000-000000000002,manager,SalesManager,2
10000000-0000-0000-0000-000000000003,user,SalesUser,3
10000000-0000-0000-0000-000000000004,user,SalesUser,4
10000000-0000-0000-0000-000000000005,user,SalesManager,5
10000000-0000-0000-0000-000000000006,user,SalesUser,6
10000000-0000-0000-0000-000000000007,user,SalesUser,7
10000000-0000-0000-0000-000000000008,admin,SalesAdmin,8
10000000-0000-0000-0000-000000000009,user,SalesUser,9
